"id","poll_prob","poll_margin","poll_date","note"
"senate-gop",44,,"2026-10-09","DDHQ 2026 Senate forecast: GOP control 44% (Dem 56%), read 2026-10-09"
"house-dem",,7.9,"9/16 - 10/5","RCP average 9/16 - 10/5: Democrats +7.9 (Democrats vs Republicans), fetched 2026-10-09"
"nc-senate",,8.8,"9/6 - 10/3","RCP average 9/6 - 10/3: Cooper +8.8 (Cooper vs Whatley), fetched 2026-10-09"
"ga-senate",,7.8,"9/10 - 9/23","RCP average 9/10 - 9/23: Ossoff +7.8 (Ossoff vs Collins), fetched 2026-10-09"
"me-senate",,1,"9/14 - 10/5","RCP average 9/14 - 10/5: Jackson +1.0 (Jackson vs Collins), fetched 2026-10-09"
"mi-senate",,3.2,"9/15 - 10/6","RCP average 9/15 - 10/6: El-Sayed +3.2 (El-Sayed vs Rogers), fetched 2026-10-09"
"nh-senate",,5.9,"9/9 - 10/5","RCP average 9/9 - 10/5: Pappas +5.9 (Pappas vs Sununu), fetched 2026-10-09"
"tx-senate",,2.8,"9/12 - 10/5","RCP average 9/12 - 10/5: Talarico +2.8 (Talarico vs Paxton), fetched 2026-10-09"
"oh-senate",,3.1,"9/1 - 10/6","RCP average 9/1 - 10/6: Brown +3.1 (Brown vs Husted), fetched 2026-10-09"
"ia-senate",,0.5,"9/9 - 10/6","RCP average 9/9 - 10/6: Turek +0.5 (Turek vs Hinson), fetched 2026-10-09"
"ak-senate",,1.2,"9/14 - 10/3","RCP average 9/14 - 10/3: Peltola +1.2 (Peltola vs Sullivan), fetched 2026-10-09"
